transaction_id,date,customer_id,customer_segment,product_category,product_price,quantity,discount_applied,marketing_channel,region,total_revenue,customer_satisfaction,returned
TXN-00180,2025-01-01,CUST-3509,New,Beauty,324.06,1,0.1,Email,Central,295.34,4.0,0
TXN-00303,2025-01-02,CUST-2891,Returning,Beauty,352.42,5,0.0,Direct,North,1758.36,4.0,0
TXN-00421,2025-01-02,CUST-4935,Returning,Books,457.24,2,0.0,Organic Search,Central,925.65,4.0,0
TXN-00163,2025-01-02,CUST-2020,Returning,Electronics,52.72,1,0.1,Direct,Central,43.75,4.0,0
TXN-00032,2025-01-04,CUST-3205,New,Books,299.91,3,0.15,Direct,East,783.52,5.0,0
TXN-00231,2025-01-04,CUST-2355,Returning,Books,33.23,4,0.05,Social Media,West,120.65,3.0,0
TXN-00391,2025-01-05,CUST-1994,VIP,Electronics,126.58,1,0.1,Social Media,North,77.68,5.0,0
TXN-00367,2025-01-05,CUST-4185,VIP,Clothing,51.23,4,0.0,Referral,Central,185.93,5.0,0
TXN-00432,2025-01-05,CUST-3137,Returning,Home & Garden,330.99,3,0.05,Social Media,Central,950.79,4.0,0
TXN-00150,2025-01-06,CUST-4626,New,Books,423.14,5,0.0,Organic Search,North,2098.29,4.0,0
TXN-00291,2025-01-08,CUST-1110,New,Clothing,204.72,4,0.05,Organic Search,South,787.86,3.0,0
TXN-00184,2025-01-10,CUST-3067,VIP,Clothing,351.19,5,0.05,Email,South,1668.23,5.0,0
TXN-00225,2025-01-11,CUST-1625,New,Sports,201.22,2,0.0,Paid Search,North,382.68,4.0,0
TXN-00464,2025-01-13,CUST-2377,Returning,Beauty,171.22,1,0.15,Referral,North,147.03,4.0,0
TXN-00484,2025-01-13,CUST-3116,Returning,Electronics,335.5,4,0.0,Social Media,West,1330.4,3.0,0
TXN-00003,2025-01-13,CUST-2069,Returning,Electronics,299.73,4,0.0,Email,East,1186.95,3.0,0
TXN-00021,2025-01-14,CUST-4684,Returning,Beauty,104.46,2,0.05,Organic Search,South,214.8,4.0,1
TXN-00499,2025-01-15,CUST-3010,VIP,Clothing,375.98,2,0.1,Email,East,648.24,5.0,0
TXN-00015,2025-01-16,CUST-2284,New,Clothing,264.86,5,0.0,Email,Central,1324.97,3.0,0
TXN-00103,2025-01-17,CUST-3698,New,Clothing,120.74,5,0.0,Email,South,622.67,4.0,0
TXN-00238,2025-01-17,CUST-2720,New,Home & Garden,268.42,2,0.15,Organic Search,West,468.31,3.0,0
TXN-00014,2025-01-17,CUST-4221,New,Beauty,118.15,3,0.0,Organic Search,South,370.52,4.0,0
TXN-00438,2025-01-19,CUST-4766,Returning,Clothing,240.33,4,0.0,Social Media,South,987.94,3.0,0
TXN-00475,2025-01-20,CUST-2394,Returning,Clothing,314.05,2,0.15,Referral,West,499.29,4.0,0
TXN-00448,2025-01-21,CUST-2320,Returning,Clothing,378.34,5,0.1,Email,East,1717.84,4.0,0
TXN-00344,2025-01-21,CUST-1083,Returning,Home & Garden,173.32,3,0.1,Organic Search,North,468.58,4.0,0
TXN-00445,2025-01-22,CUST-3994,Returning,Clothing,477.03,3,0.1,Paid Search,East,1254.89,4.0,0
TXN-00420,2025-01-23,CUST-2775,Returning,Books,157.67,5,0.15,Referral,North,693.52,4.0,0
TXN-00049,2025-01-23,CUST-3717,Returning,Books,422.3,5,0.0,Direct,West,2106.74,4.0,0
TXN-00064,2025-01-24,CUST-1521,New,Beauty,307.55,5,0.0,Email,South,1524.95,4.0,0
TXN-00134,2025-01-25,CUST-3357,New,Beauty,58.81,3,0.0,Direct,East,173.61,3.0,0
TXN-00323,2025-01-26,CUST-1335,Returning,Books,92.79,5,0.1,Referral,East,420.57,4.0,0
TXN-00288,2025-01-26,CUST-1522,Returning,Sports,449.04,3,0.15,Referral,East,1131.09,3.0,1
TXN-00415,2025-01-27,CUST-4479,Returning,Books,89.52,1,0.1,Email,South,94.4,3.0,0
TXN-00264,2025-01-28,CUST-4061,Returning,Electronics,421.35,2,0.05,Paid Search,East,774.88,4.0,0
TXN-00101,2025-01-29,CUST-4014,New,Clothing,353.94,5,0.15,Organic Search,Central,1469.3,3.0,0
TXN-00317,2025-01-30,CUST-4080,Returning,Sports,434.28,5,0.05,Social Media,North,2039.94,4.0,0
TXN-00189,2025-01-30,CUST-2826,Returning,Books,499.69,2,0.15,Direct,West,884.46,4.0,0
TXN-00322,2025-01-30,CUST-4419,Returning,Electronics,91.31,1,0.0,Direct,South,101.89,4.0,0
TXN-00329,2025-01-30,CUST-4899,Returning,Home & Garden,106.77,2,0.0,Paid Search,Central,229.22,4.0,0
TXN-00300,2025-01-31,CUST-2755,New,Electronics,151.47,1,0.05,Organic Search,Central,130.12,3.0,0
TXN-00235,2025-01-31,CUST-1255,New,Clothing,208.17,4,0.0,Direct,Central,834.79,4.0,0
TXN-00320,2025-02-01,CUST-2726,New,Clothing,436.06,4,0.2,Social Media,Central,1425.92,4.0,0
TXN-00269,2025-02-01,CUST-4677,New,Beauty,201.28,5,0.1,Email,East,904.85,4.0,0
TXN-00223,2025-02-02,CUST-2568,New,Electronics,15.12,5,0.05,Social Media,West,49.76,3.0,0
TXN-00142,2025-02-02,CUST-1604,New,Sports,475.41,4,0.0,Organic Search,South,1899.9,4.0,0
TXN-00107,2025-02-03,CUST-3719,Returning,Home & Garden,451.78,4,0.0,Social Media,West,1805.45,4.0,0
TXN-00237,2025-02-04,CUST-4411,New,Sports,178.14,3,0.0,Referral,South,506.07,3.0,0
TXN-00335,2025-02-04,CUST-4921,New,Sports,412.67,2,0.0,Paid Search,East,805.58,3.0,1
TXN-00379,2025-02-05,CUST-4719,Returning,Clothing,137.47,1,0.0,Paid Search,North,128.09,4.0,0
TXN-00063,2025-02-05,CUST-3270,Returning,Electronics,494.53,4,0.0,Direct,South,1979.51,4.0,1
TXN-00195,2025-02-05,CUST-2843,New,Beauty,108.41,5,0.15,Email,South,463.46,4.0,0
TXN-00490,2025-02-05,CUST-2664,VIP,Books,94.54,2,0.0,Social Media,Central,181.48,4.0,0
TXN-00333,2025-02-05,CUST-1281,New,Beauty,441.35,1,0.05,Referral,North,417.43,3.0,0
TXN-00232,2025-02-06,CUST-3222,Returning,Clothing,247.69,5,0.05,Organic Search,East,1185.03,4.0,0
TXN-00240,2025-02-06,CUST-4706,New,Electronics,16.62,3,0.1,Organic Search,West,33.02,3.0,0
TXN-00085,2025-02-06,CUST-4218,New,Beauty,417.87,5,0.0,Referral,North,2119.76,3.0,0
TXN-00372,2025-02-07,CUST-1442,New,Books,329.07,4,0.05,Email,South,1260.3,3.0,0
TXN-00366,2025-02-07,CUST-1469,New,Books,43.09,5,0.1,Direct,North,209.1,3.0,0
TXN-00284,2025-02-08,CUST-1676,New,Home & Garden,239.74,1,0.0,Email,North,233.79,3.0,0
TXN-00434,2025-02-08,CUST-3664,New,Books,301.28,4,0.15,Referral,South,1060.75,4.0,0
TXN-00054,2025-02-10,CUST-2230,VIP,Books,110.11,2,0.1,Direct,West,192.6,4.0,0
TXN-00192,2025-02-10,CUST-4046,VIP,Beauty,166.73,3,0.15,Email,East,415.31,5.0,0
TXN-00068,2025-02-10,CUST-4851,Returning,Books,83.42,1,0.15,Organic Search,North,40.61,4.0,0
TXN-00331,2025-02-11,CUST-1918,New,Electronics,481.24,5,0.05,Direct,Central,2323.18,4.0,0
TXN-00346,2025-02-11,CUST-1624,Returning,Beauty,71.18,3,0.15,Referral,West,171.92,4.0,0
TXN-00193,2025-02-13,CUST-4528,VIP,Clothing,73.45,2,0.1,Organic Search,North,143.06,4.0,0
TXN-00011,2025-02-14,CUST-2779,New,Beauty,393.54,4,0.1,Organic Search,West,1384.97,3.0,0
TXN-00133,2025-02-16,CUST-3579,New,Books,104.42,3,0.05,Direct,North,280.31,4.0,0
TXN-00016,2025-02-17,CUST-2787,New,Home & Garden,488.14,5,0.0,Organic Search,Central,2421.58,3.0,0
TXN-00292,2025-02-17,CUST-4714,New,Beauty,147.39,1,0.15,Referral,Central,126.17,4.0,0
TXN-00416,2025-02-17,CUST-2720,Returning,Sports,235.04,2,0.0,Organic Search,North,502.03,5.0,0
TXN-00042,2025-02-17,CUST-1286,Returning,Electronics,51.62,2,0.0,Social Media,Central,112.34,3.0,0
TXN-00256,2025-02-18,CUST-4086,Returning,Beauty,491.43,5,0.1,Email,South,2255.82,5.0,1
TXN-00044,2025-02-19,CUST-3720,VIP,Electronics,147.07,3,0.0,Paid Search,North,421.18,4.0,0
TXN-00257,2025-02-19,CUST-2597,VIP,Beauty,443.84,4,0.1,Paid Search,North,1602.86,4.0,0
TXN-00287,2025-02-20,CUST-4766,Returning,Books,31.91,2,0.0,Social Media,South,60.13,5.0,0
TXN-00268,2025-02-20,CUST-3470,Returning,Sports,37.77,1,0.2,Email,West,35.41,4.0,0
TXN-00371,2025-02-21,CUST-2274,New,Home & Garden,231.29,3,0.15,Social Media,Central,583.14,4.0,0
TXN-00070,2025-02-21,CUST-3774,VIP,Beauty,172.14,1,0.05,Paid Search,North,146.16,4.0,0
TXN-00041,2025-02-22,CUST-2766,New,Clothing,177.17,4,0.0,Social Media,East,707.47,3.0,0
TXN-00008,2025-02-22,CUST-1156,VIP,Sports,95.27,1,0.0,Direct,East,83.88,,0
TXN-00454,2025-02-22,CUST-2142,VIP,Sports,117.02,2,0.0,Organic Search,East,239.27,5.0,0
TXN-00396,2025-02-23,CUST-4482,VIP,Books,369.67,3,0.1,Organic Search,West,1010.7,5.0,1
TXN-00400,2025-02-24,CUST-1495,Returning,Books,383.65,5,0.15,Social Media,West,1637.12,4.0,0
TXN-00168,2025-02-24,CUST-1546,New,Beauty,167.58,1,0.15,Organic Search,West,148.14,3.0,0
TXN-00272,2025-02-25,CUST-1898,Returning,Sports,415.71,1,0.2,Email,North,351.74,4.0,0
TXN-00473,2025-02-25,CUST-4267,New,Books,449.67,2,0.15,Paid Search,Central,751.25,5.0,0
TXN-00135,2025-02-26,CUST-1796,VIP,Home & Garden,388.93,2,0.25,Organic Search,South,589.73,4.0,0
TXN-00158,2025-02-27,CUST-3850,Returning,Clothing,215.2,2,0.0,Direct,South,434.54,4.0,0
TXN-00002,2025-02-27,CUST-4974,VIP,Electronics,460.45,3,0.1,Organic Search,West,1208.81,4.0,0
TXN-00185,2025-02-27,CUST-2747,New,Sports,40.02,5,0.05,Referral,East,205.96,4.0,0
TXN-00433,2025-02-27,CUST-4954,Returning,Home & Garden,173.07,3,0.0,Organic Search,West,511.26,4.0,0
TXN-00152,2025-02-28,CUST-4188,New,Home & Garden,478.29,5,0.1,Social Media,Central,2146.29,4.0,0
TXN-00399,2025-03-01,CUST-4299,Returning,Electronics,482.79,3,0.1,Referral,South,1322.87,5.0,0
TXN-00500,2025-03-01,CUST-2835,VIP,Clothing,437.84,3,0.1,Organic Search,West,1197.8,5.0,0
TXN-00339,2025-03-03,CUST-1127,Returning,Home & Garden,284.75,3,0.1,Direct,Central,753.66,4.0,0
TXN-00220,2025-03-03,CUST-1566,Returning,Beauty,217.49,2,0.1,Paid Search,Central,394.78,3.0,0
TXN-00052,2025-03-05,CUST-3948,Returning,Home & Garden,282.59,1,0.1,Organic Search,South,282.07,5.0,0
TXN-00197,2025-03-06,CUST-4079,Returning,Books,219.55,3,0.05,Social Media,South,611.83,4.0,0
TXN-00444,2025-03-07,CUST-4382,New,Sports,382.17,2,0.0,Social Media,North,758.09,4.0,0
TXN-00198,2025-03-07,CUST-2012,VIP,Clothing,400.74,5,0.0,Organic Search,North,2010.3,4.0,0
TXN-00423,2025-03-08,CUST-3603,New,Sports,104.95,1,0.25,Social Media,Central,78.74,4.0,0
TXN-00248,2025-03-09,CUST-4135,VIP,Books,36.87,4,0.1,Social Media,South,86.12,5.0,0
TXN-00360,2025-03-09,CUST-1687,Returning,Home & Garden,388.86,4,0.0,Paid Search,South,1569.46,4.0,0
TXN-00377,2025-03-09,CUST-3358,Returning,Electronics,195.34,4,0.0,Social Media,East,794.77,4.0,1
TXN-00397,2025-03-10,CUST-3802,VIP,Beauty,456.12,5,0.0,Direct,Central,2302.03,3.0,0
TXN-00130,2025-03-12,CUST-2865,Returning,Beauty,219.69,4,0.0,Email,North,888.71,4.0,0
TXN-00278,2025-03-13,CUST-2376,Returning,Beauty,269.64,2,0.0,Email,South,546.05,4.0,0
TXN-00007,2025-03-13,CUST-2087,New,Books,295.15,5,0.15,Referral,West,1263.99,4.0,0
TXN-00119,2025-03-13,CUST-4303,VIP,Books,82.91,1,0.05,Email,North,74.47,5.0,0
TXN-00117,2025-03-15,CUST-2271,Returning,Home & Garden,364.3,2,0.05,Social Media,West,705.28,4.0,0
TXN-00442,2025-03-17,CUST-2904,VIP,Beauty,365.12,5,0.2,Direct,Central,1521.72,5.0,0
TXN-00436,2025-03-18,CUST-3522,Returning,Home & Garden,492.41,4,0.05,Social Media,Central,1880.63,4.0,0
TXN-00175,2025-03-20,CUST-2299,Returning,Electronics,479.71,4,0.0,Social Media,Central,1935.45,4.0,0
TXN-00136,2025-03-20,CUST-3942,New,Home & Garden,48.1,1,0.1,Referral,East,47.08,3.0,0
TXN-00402,2025-03-21,CUST-3318,VIP,Home & Garden,166.3,4,0.15,Direct,South,600.52,5.0,0
TXN-00313,2025-03-21,CUST-4117,New,Clothing,454.66,4,0.25,Referral,East,1391.91,4.0,0
TXN-00459,2025-03-21,CUST-2903,New,Clothing,274.11,2,0.1,Referral,Central,490.07,4.0,0
TXN-00038,2025-03-21,CUST-3746,New,Electronics,256.05,4,0.15,Organic Search,Central,859.88,4.0,0
TXN-00328,2025-03-22,CUST-1213,Returning,Beauty,354.01,3,0.25,Direct,East,825.36,5.0,0
TXN-00383,2025-03-22,CUST-4856,Returning,Home & Garden,472.99,4,0.05,Direct,West,1820.59,4.0,0
TXN-00161,2025-03-22,CUST-1205,New,Books,237.95,1,0.15,Social Media,West,205.34,4.0,0
TXN-00471,2025-03-23,CUST-1868,New,Electronics,476.5,5,0.2,Social Media,North,1892.67,4.0,0
TXN-00138,2025-03-23,CUST-2572,Returning,Home & Garden,227.04,5,0.15,Social Media,North,956.14,4.0,0
TXN-00033,2025-03-23,CUST-3813,New,Clothing,157.61,1,0.1,Referral,Central,154.52,3.0,0
TXN-00426,2025-03-24,CUST-2883,Returning,Home & Garden,305.19,3,0.2,Email,Central,754.01,4.0,1
TXN-00177,2025-03-24,CUST-4093,Returning,Electronics,324.89,2,0.15,Referral,Central,520.01,5.0,0
TXN-00461,2025-03-25,CUST-3499,New,Sports,55.02,5,0.0,Social Media,West,257.19,3.0,0
TXN-00076,2025-03-25,CUST-2232,Returning,Clothing,440.08,5,0.0,Referral,South,2187.25,4.0,0
TXN-00091,2025-03-25,CUST-2809,New,Electronics,487.66,4,0.2,Paid Search,West,1533.95,4.0,0
TXN-00301,2025-03-26,CUST-1555,New,Clothing,137.53,2,0.15,Direct,East,208.72,4.0,0
TXN-00202,2025-03-26,CUST-4136,New,Home & Garden,268.38,5,0.0,Paid Search,West,1308.7,3.0,0
TXN-00294,2025-03-27,CUST-3424,New,Home & Garden,36.52,1,0.0,Paid Search,South,25.33,3.0,0
TXN-00088,2025-03-29,CUST-3681,Returning,Beauty,190.94,1,0.05,Social Media,North,170.83,4.0,0
TXN-00462,2025-04-01,CUST-3736,Returning,Clothing,414.89,1,0.0,Direct,East,434.81,4.0,0
TXN-00465,2025-04-02,CUST-1117,VIP,Home & Garden,489.07,5,0.0,Direct,North,2469.2,5.0,0
TXN-00166,2025-04-02,CUST-1497,Returning,Sports,17.55,1,0.0,Email,West,32.88,5.0,0
TXN-00280,2025-04-04,CUST-3781,Returning,Home & Garden,264.9,2,0.2,Direct,South,420.1,5.0,1
TXN-00332,2025-04-06,CUST-3662,Returning,Books,240.75,5,0.15,Social Media,South,1045.39,4.0,0
TXN-00275,2025-04-08,CUST-2989,Returning,Beauty,119.92,2,0.0,Direct,North,264.73,5.0,0
TXN-00255,2025-04-08,CUST-2223,New,Books,300.45,2,0.1,Email,West,551.79,4.0,0
TXN-00314,2025-04-08,CUST-4603,VIP,Clothing,292.09,2,0.0,Social Media,West,592.47,4.0,0
TXN-00061,2025-04-09,CUST-3855,New,Books,364.59,5,0.2,Paid Search,West,1480.59,4.0,0
TXN-00486,2025-04-09,CUST-1782,VIP,Electronics,304.78,5,0.15,Paid Search,West,1272.54,4.0,0
TXN-00274,2025-04-09,CUST-2785,VIP,Sports,320.44,4,0.15,Email,West,1106.26,5.0,0
TXN-00174,2025-04-12,CUST-3438,New,Home & Garden,57.05,2,0.15,Organic Search,South,81.97,3.0,0
TXN-00023,2025-04-12,CUST-1778,New,Home & Garden,165.32,4,0.05,Referral,West,649.97,3.0,0
TXN-00478,2025-04-13,CUST-3441,Returning,Beauty,468.57,4,0.0,Paid Search,South,1865.02,3.0,0
TXN-00210,2025-04-13,CUST-1317,New,Home & Garden,228.9,1,0.05,Social Media,South,190.19,3.0,0
TXN-00354,2025-04-15,CUST-1892,New,Beauty,422.46,4,0.05,Direct,Central,1604.29,3.0,0
TXN-00408,2025-04-15,CUST-3709,New,Clothing,361.74,1,0.25,Referral,West,274.49,4.0,0
TXN-00079,2025-04-18,CUST-4414,New,Beauty,456.65,4,0.0,Direct,West,1837.42,3.0,1
TXN-00406,2025-04-18,CUST-3182,VIP,Beauty,112.17,4,0.1,Direct,Central,392.75,4.0,0
TXN-00450,2025-04-18,CUST-2005,New,Electronics,64.85,2,0.15,Social Media,South,132.5,4.0,0
TXN-00108,2025-04-19,CUST-3592,Returning,Home & Garden,350.24,4,0.0,Email,East,1404.67,4.0,0
TXN-00207,2025-04-19,CUST-1979,New,Clothing,248.32,3,0.0,Paid Search,South,731.6,4.0,0
TXN-00111,2025-04-19,CUST-1382,New,Electronics,271.89,4,0.05,Organic Search,Central,1063.15,4.0,0
TXN-00298,2025-04-20,CUST-1343,New,Electronics,466.82,5,0.1,Organic Search,Central,2127.61,3.0,0
TXN-00246,2025-04-20,CUST-4509,VIP,Home & Garden,149.47,4,0.1,Paid Search,Central,566.35,5.0,0
TXN-00374,2025-04-20,CUST-1105,Returning,Electronics,201.05,2,0.05,Organic Search,North,383.33,4.0,0
TXN-00039,2025-04-21,CUST-1807,Returning,Books,386.2,2,0.1,Referral,Central,680.91,3.0,0
TXN-00316,2025-04-22,CUST-2139,Returning,Clothing,278.73,2,0.0,Paid Search,South,569.94,4.0,0
TXN-00017,2025-04-22,CUST-3483,New,Books,237.61,1,0.1,Referral,East,167.67,5.0,0
TXN-00230,2025-04-23,CUST-2669,Returning,Electronics,57.94,1,0.15,Social Media,East,84.14,4.0,0
TXN-00028,2025-04-23,CUST-1006,Returning,Electronics,242.09,4,0.2,Email,Central,785.49,4.0,0
TXN-00098,2025-04-23,CUST-4691,Returning,Home & Garden,250.12,1,0.05,Referral,North,204.39,4.0,0
TXN-00129,2025-04-23,CUST-1298,New,Clothing,388.89,2,0.0,Email,South,775.58,4.0,1
TXN-00477,2025-04-24,CUST-4605,New,Sports,159.94,1,0.15,Email,North,101.9,3.0,0
TXN-00483,2025-04-25,CUST-1041,Returning,Books,249.93,5,0.05,Referral,East,1179.54,4.0,0
TXN-00006,2025-04-25,CUST-4942,New,Sports,135.39,3,0.0,Referral,South,413.83,2.0,0
TXN-00222,2025-04-26,CUST-1947,Returning,Electronics,495.32,3,0.0,Referral,Central,1517.78,4.0,1
TXN-00482,2025-04-27,CUST-3276,Returning,Home & Garden,311.95,4,0.0,Organic Search,East,1232.58,5.0,0
TXN-00066,2025-04-27,CUST-2722,Returning,Home & Garden,481.88,4,0.0,Email,North,1905.48,4.0,0
TXN-00228,2025-04-28,CUST-1263,New,Clothing,19.6,5,0.25,Referral,North,88.38,5.0,0
TXN-00102,2025-04-28,CUST-1695,Returning,Beauty,210.24,4,0.15,Direct,North,712.26,,0
TXN-00236,2025-04-28,CUST-1847,Returning,Electronics,59.47,4,0.05,Direct,South,195.44,4.0,0
TXN-00069,2025-04-30,CUST-2552,New,Sports,212.1,3,0.05,Social Media,North,628.84,3.0,0
TXN-00018,2025-04-30,CUST-3094,Returning,Electronics,285.29,4,0.15,Social Media,East,973.13,4.0,0
TXN-00337,2025-05-01,CUST-1164,VIP,Beauty,455.72,5,0.05,Organic Search,South,2152.06,4.0,0
TXN-00293,2025-05-02,CUST-2613,Returning,Sports,246.19,2,0.0,Direct,Central,496.21,5.0,0
TXN-00242,2025-05-02,CUST-3392,VIP,Beauty,159.05,5,0.0,Email,South,781.28,4.0,0
TXN-00460,2025-05-02,CUST-3334,New,Electronics,443.03,1,,Social Media,South,336.51,5.0,0
TXN-00188,2025-05-03,CUST-3244,Returning,Home & Garden,300.31,4,0.15,Paid Search,North,1013.53,4.0,0
TXN-00357,2025-05-03,CUST-2049,New,Books,380.54,1,0.0,Social Media,South,364.19,4.0,0
TXN-00190,2025-05-04,CUST-4674,New,Sports,284.57,5,0.0,Social Media,West,1402.49,3.0,0
TXN-00252,2025-05-05,CUST-1024,New,Electronics,478.86,5,0.1,Referral,North,2128.93,4.0,0
TXN-00090,2025-05-06,CUST-2904,Returning,Home & Garden,121.46,5,0.25,Email,South,422.11,5.0,0
TXN-00380,2025-05-06,CUST-4924,New,Beauty,15.5,3,0.05,Social Media,Central,57.07,4.0,0
TXN-00005,2025-05-06,CUST-3378,New,Books,457.68,2,0.0,Email,North,951.4,3.0,0
TXN-00221,2025-05-07,CUST-1617,Returning,Sports,239.04,1,0.1,Direct,West,207.35,4.0,0
TXN-00120,2025-05-07,CUST-1815,Returning,Books,142.89,3,0.1,Organic Search,West,391.34,4.0,0
TXN-00341,2025-05-07,CUST-2012,Returning,Clothing,140.46,5,0.0,Social Media,West,719.31,4.0,0
TXN-00469,2025-05-08,CUST-1744,New,Beauty,34.97,1,0.05,Referral,Central,40.08,3.0,0
TXN-00452,2025-05-08,CUST-4828,Returning,Home & Garden,23.91,2,0.0,Email,Central,44.84,4.0,0
TXN-00273,2025-05-08,CUST-2117,VIP,Home & Garden,403.37,3,0.2,Direct,West,946.16,5.0,0
TXN-00283,2025-05-08,CUST-3966,New,Clothing,450.26,4,0.0,Paid Search,West,1807.71,4.0,0
TXN-00414,2025-05-09,CUST-1051,Returning,Beauty,59.21,4,0.25,Organic Search,Central,188.62,5.0,0
TXN-00148,2025-05-09,CUST-4524,Returning,Books,276.82,4,0.05,Social Media,North,1063.27,4.0,0
TXN-00353,2025-05-14,CUST-4882,Returning,Sports,224.64,1,0.15,Paid Search,West,192.91,3.0,0
TXN-00425,2025-05-15,CUST-4394,New,Clothing,15.6,1,0.0,Email,East,37.86,4.0,0
TXN-00164,2025-05-15,CUST-4757,Returning,Books,16.13,4,0.0,Direct,West,52.13,3.0,0
TXN-00123,2025-05-15,CUST-1189,New,Electronics,136.6,3,0.0,Referral,Central,392.51,3.0,0
TXN-00376,2025-05-16,CUST-2277,New,Electronics,413.43,2,0.05,Direct,South,808.81,3.0,1
TXN-00398,2025-05-16,CUST-3459,Returning,Electronics,430.82,4,0.05,Email,East,1677.52,4.0,1
TXN-00048,2025-05-16,CUST-2285,Returning,Electronics,489.78,3,0.0,Email,South,1470.14,4.0,0
TXN-00358,2025-05-16,CUST-4141,Returning,Books,397.57,3,0.0,Social Media,East,1180.52,3.0,0
TXN-00203,2025-05-16,CUST-4185,New,Beauty,327.61,1,0.0,Paid Search,South,284.71,3.0,0
TXN-00118,2025-05-16,CUST-1920,New,Electronics,66.69,5,0.2,Direct,East,236.03,3.0,0
TXN-00411,2025-05-16,CUST-3072,New,Clothing,278.47,4,0.1,Social Media,East,973.08,4.0,0
TXN-00305,2025-05-16,CUST-1205,Returning,Beauty,273.31,2,0.05,Social Media,East,554.52,4.0,0
TXN-00081,2025-05-17,CUST-2244,VIP,Home & Garden,177.89,3,0.1,Email,Central,508.05,5.0,0
TXN-00470,2025-05-17,CUST-2997,VIP,Home & Garden,340.14,1,0.15,Social Media,Central,295.29,5.0,0
TXN-00155,2025-05-17,CUST-1720,VIP,Books,245.01,1,0.0,Social Media,South,253.17,3.0,1
TXN-00106,2025-05-18,CUST-3111,New,Beauty,79.15,4,0.0,Social Media,North,324.52,3.0,0
TXN-00094,2025-05-19,CUST-1875,Returning,Books,289.4,1,0.05,Organic Search,South,262.66,4.0,0
TXN-00403,2025-05-20,CUST-4205,Returning,Electronics,170.56,1,0.2,Paid Search,North,171.82,5.0,1
TXN-00004,2025-05-21,CUST-1731,Returning,Electronics,30.93,2,0.05,Social Media,South,63.34,,0
TXN-00419,2025-05-22,CUST-1432,Returning,Books,401.45,1,0.0,Email,Central,425.24,4.0,0
TXN-00489,2025-05-23,CUST-3949,VIP,Electronics,34.77,3,0.05,Referral,North,116.72,4.0,0
TXN-00031,2025-05-23,CUST-4303,Returning,Home & Garden,420.73,1,0.05,Organic Search,East,420.86,4.0,0
TXN-00243,2025-05-23,CUST-4875,VIP,Sports,428.62,5,0.1,Direct,West,1931.04,4.0,0
TXN-00072,2025-05-23,CUST-4697,New,Electronics,322.12,4,0.0,Direct,Central,1285.45,3.0,0
TXN-00281,2025-05-23,CUST-4269,VIP,Beauty,253.23,4,0.05,Paid Search,Central,957.5,4.0,0
TXN-00491,2025-05-23,CUST-3001,Returning,Clothing,227.72,4,0.2,Organic Search,Central,690.34,4.0,0
TXN-00037,2025-05-23,CUST-4018,New,Home & Garden,248.33,2,0.05,Referral,North,480.91,,0
TXN-00404,2025-05-25,CUST-1168,Returning,Beauty,366.34,1,0.15,Social Media,South,301.55,4.0,0
TXN-00382,2025-05-26,CUST-2624,Returning,Home & Garden,242.24,4,0.0,Social Media,East,971.47,4.0,0
TXN-00307,2025-05-27,CUST-2552,Returning,Sports,68.09,4,0.15,Social Media,South,257.29,3.0,0
TXN-00067,2025-05-29,CUST-3723,New,Books,473.04,2,0.15,Referral,West,829.16,4.0,1
TXN-00056,2025-05-31,CUST-2266,VIP,Books,303.6,2,0.05,Direct,Central,556.6,5.0,0
TXN-00159,2025-05-31,CUST-3121,New,Books,356.89,2,0.05,Organic Search,East,706.43,3.0,0
TXN-00315,2025-06-01,CUST-2552,Returning,Books,336.12,1,0.1,Social Media,East,317.53,3.0,0
TXN-00170,2025-06-02,CUST-2903,Returning,Electronics,481.62,3,0.0,Paid Search,East,1439.47,3.0,0
TXN-00394,2025-06-03,CUST-4164,Returning,Home & Garden,482.17,4,,Email,West,1942.52,3.0,0
TXN-00363,2025-06-03,CUST-4947,Returning,Beauty,388.93,4,0.1,Social Media,East,1421.04,4.0,0
TXN-00387,2025-06-04,CUST-3425,New,Home & Garden,415.57,5,0.05,Paid Search,East,1972.01,3.0,0
TXN-00481,2025-06-06,CUST-2131,Returning,Beauty,394.96,4,0.05,Referral,West,1480.55,4.0,0
TXN-00187,2025-06-07,CUST-4714,Returning,Electronics,36.42,3,0.15,Email,East,97.91,4.0,0
TXN-00446,2025-06-07,CUST-3426,VIP,Books,455.29,4,0.05,Email,West,1740.88,4.0,0
TXN-00212,2025-06-09,CUST-2170,Returning,Electronics,292.63,1,0.15,Organic Search,Central,248.92,4.0,1
TXN-00321,2025-06-10,CUST-2033,Returning,Sports,133.96,2,0.0,Direct,North,253.51,4.0,0
TXN-00356,2025-06-10,CUST-3865,Returning,Books,102.06,1,0.15,Direct,West,108.85,3.0,0
TXN-00352,2025-06-11,CUST-3310,VIP,Beauty,23.94,5,0.05,Direct,South,91.74,4.0,0
TXN-00110,2025-06-11,CUST-2372,New,Sports,413.95,5,0.2,Organic Search,South,1639.55,3.0,0
TXN-00104,2025-06-11,CUST-1347,Returning,Clothing,327.85,1,0.25,Referral,South,220.17,4.0,0
TXN-00365,2025-06-11,CUST-3942,VIP,Electronics,244.68,4,0.1,Organic Search,East,895.1,,0
TXN-00182,2025-06-15,CUST-3946,New,Books,453.13,5,0.1,Paid Search,North,2003.61,4.0,0
TXN-00100,2025-06-16,CUST-4260,New,Sports,374.72,5,0.05,Paid Search,East,1766.66,3.0,0
TXN-00488,2025-06-18,CUST-1988,New,Sports,248.24,5,0.0,Organic Search,West,1247.84,3.0,0
TXN-00239,2025-06-19,CUST-2595,Returning,Clothing,370.15,4,0.15,Organic Search,Central,1255.59,4.0,1
TXN-00498,2025-06-19,CUST-3915,New,Beauty,243.04,1,0.25,Direct,North,182.64,,0
TXN-00422,2025-06-20,CUST-2483,Returning,Sports,484.24,3,0.05,Social Media,West,1376.88,3.0,0
TXN-00466,2025-06-20,CUST-3024,New,Books,112.42,4,0.05,Paid Search,Central,424.79,4.0,0
TXN-00040,2025-06-22,CUST-2491,Returning,Electronics,64.95,2,0.0,Email,Central,158.79,4.0,0
TXN-00224,2025-06-23,CUST-3842,New,Books,104.95,2,,Referral,East,196.09,3.0,1
TXN-00271,2025-06-23,CUST-2999,Returning,Sports,479.28,2,0.0,Paid Search,North,999.13,5.0,0
TXN-00157,2025-06-24,CUST-4923,Returning,Sports,185.5,3,0.05,Referral,West,500.67,4.0,0
TXN-00036,2025-06-24,CUST-4039,Returning,Home & Garden,274.21,5,0.1,Direct,North,1232.45,4.0,0
TXN-00407,2025-06-25,CUST-2754,New,Clothing,436.04,2,0.05,Email,West,842.55,4.0,0
TXN-00046,2025-06-26,CUST-2352,Returning,Beauty,270.39,5,0.05,Direct,North,1310.75,4.0,0
TXN-00378,2025-06-28,CUST-3774,New,Electronics,412.11,2,0.0,Direct,North,818.37,,0
TXN-00492,2025-06-29,CUST-3274,Returning,Electronics,366.54,3,0.0,Email,South,1096.62,4.0,0
TXN-00480,2025-06-29,CUST-4604,Returning,Electronics,318.27,4,0.05,Social Media,Central,1230.46,4.0,0
TXN-00260,2025-07-01,CUST-4905,New,Home & Garden,494.75,3,0.15,Email,South,1245.82,4.0,0
TXN-00078,2025-07-01,CUST-3244,New,Beauty,356.41,4,0.05,Organic Search,Central,1351.09,3.0,0
TXN-00455,2025-07-01,CUST-4611,New,Sports,182.82,4,0.05,Organic Search,East,701.35,5.0,0
TXN-00045,2025-07-03,CUST-4771,New,Books,450.25,2,0.1,Direct,North,814.31,4.0,0
TXN-00449,2025-07-03,CUST-4488,New,Electronics,85.77,3,0.15,Direct,West,183.93,4.0,0
TXN-00186,2025-07-05,CUST-4402,Returning,Electronics,339.91,1,0.05,Organic Search,North,322.58,3.0,0
TXN-00128,2025-07-05,CUST-4147,VIP,Books,211.13,4,0.05,Social Media,Central,769.82,4.0,0
TXN-00059,2025-07-05,CUST-2336,New,Home & Garden,445.42,5,0.0,Social Media,East,2214.11,3.0,0
TXN-00447,2025-07-06,CUST-2099,VIP,Beauty,366.28,1,0.1,Social Media,North,332.67,4.0,0
TXN-00075,2025-07-06,CUST-3331,Returning,Clothing,74.55,5,0.15,Social Media,North,353.1,4.0,0
TXN-00381,2025-07-09,CUST-2537,New,Books,92.09,2,0.15,Email,North,142.41,4.0,0
TXN-00077,2025-07-09,CUST-2663,Returning,Clothing,326.82,1,0.25,Email,North,236.47,5.0,0
TXN-00439,2025-07-09,CUST-3204,Returning,Beauty,345.02,1,0.0,Paid Search,West,361.95,4.0,0
TXN-00176,2025-07-11,CUST-4891,New,Clothing,382.82,2,0.0,Referral,West,745.29,4.0,0
TXN-00216,2025-07-11,CUST-2309,New,Electronics,372.86,2,0.0,Email,West,746.01,3.0,0
TXN-00053,2025-07-13,CUST-4686,VIP,Books,138.14,3,0.15,Direct,South,332.33,5.0,0
TXN-00093,2025-07-14,CUST-3767,Returning,Books,70.41,4,0.05,Social Media,West,297.83,4.0,0
TXN-00071,2025-07-14,CUST-4064,Returning,Electronics,57.16,1,0.05,Email,South,40.6,4.0,0
TXN-00302,2025-07-14,CUST-4550,Returning,Beauty,17.46,3,0.0,Paid Search,West,22.96,4.0,0
TXN-00043,2025-07-14,CUST-4886,New,Home & Garden,380.32,3,0.05,Referral,East,1099.39,4.0,0
TXN-00474,2025-07-15,CUST-2058,VIP,Books,303.47,5,0.0,Paid Search,North,1503.25,4.0,0
TXN-00144,2025-07-15,CUST-3816,New,Electronics,477.73,5,0.1,Organic Search,Central,2175.59,4.0,0
TXN-00143,2025-07-17,CUST-3687,Returning,Sports,207.37,4,0.25,Direct,Central,653.47,3.0,1
TXN-00304,2025-07-19,CUST-1744,Returning,Books,38.66,4,0.1,Referral,North,126.82,3.0,0
TXN-00114,2025-07-22,CUST-4076,Returning,Sports,47.58,1,0.0,Organic Search,Central,67.85,4.0,0
TXN-00359,2025-07-22,CUST-2510,VIP,Home & Garden,99.27,1,0.1,Social Media,Central,69.08,5.0,0
TXN-00495,2025-07-24,CUST-3828,Returning,Electronics,247.45,3,0.15,Organic Search,North,635.73,4.0,1
TXN-00127,2025-07-24,CUST-4480,Returning,Sports,421.48,3,0.1,Referral,West,1131.45,4.0,0
TXN-00213,2025-07-24,CUST-1960,Returning,Books,404.93,1,0.05,Organic Search,North,405.98,3.0,0
TXN-00487,2025-07-24,CUST-1350,New,Clothing,395.16,4,0.05,Paid Search,East,1494.02,3.0,0
TXN-00299,2025-07-25,CUST-3632,Returning,Sports,371.58,2,0.05,Email,West,684.44,4.0,0
TXN-00105,2025-07-25,CUST-2162,VIP,Clothing,219.53,1,0.1,Paid Search,Central,199.33,5.0,0
TXN-00338,2025-07-26,CUST-4089,Returning,Books,15.54,2,0.0,Organic Search,South,10.92,4.0,0
TXN-00270,2025-07-26,CUST-1903,New,Clothing,32.81,4,0.1,Organic Search,East,102.82,4.0,0
TXN-00457,2025-07-28,CUST-1998,New,Books,471.5,2,0.1,Organic Search,West,857.28,4.0,0
TXN-00295,2025-07-28,CUST-3311,New,Sports,428.31,2,0.15,Email,South,724.25,4.0,0
TXN-00254,2025-07-28,CUST-2440,New,Beauty,140.61,3,0.0,Referral,South,417.01,3.0,0
TXN-00262,2025-07-30,CUST-2716,VIP,Beauty,46.52,4,0.15,Organic Search,Central,142.05,4.0,0
TXN-00467,2025-07-30,CUST-4485,New,Beauty,351.2,3,0.0,Referral,West,1049.95,4.0,0
TXN-00463,2025-07-31,CUST-2552,Returning,Electronics,188.53,4,0.05,Direct,South,722.19,4.0,0
TXN-00347,2025-08-03,CUST-1977,Returning,Sports,197.7,4,0.0,Email,South,813.92,3.0,0
TXN-00027,2025-08-03,CUST-2786,New,Beauty,184.45,4,0.05,Social Media,South,690.19,3.0,0
TXN-00279,2025-08-05,CUST-3739,Returning,Beauty,141.21,5,0.05,Social Media,North,629.03,4.0,0
TXN-00261,2025-08-05,CUST-4423,Returning,Beauty,375.53,5,0.0,Email,East,1886.32,3.0,0
TXN-00140,2025-08-05,CUST-2636,VIP,Home & Garden,364.94,3,0.05,Referral,North,1030.23,4.0,0
TXN-00035,2025-08-05,CUST-4851,VIP,Beauty,270.91,2,0.0,Organic Search,North,493.99,3.0,0
TXN-00418,2025-08-05,CUST-3007,New,Sports,23.66,2,0.0,Paid Search,South,34.26,3.0,0
TXN-00206,2025-08-05,CUST-3567,New,Books,286.93,5,0.0,Direct,Central,1425.31,4.0,0
TXN-00013,2025-08-05,CUST-3984,Returning,Books,121.75,3,0.0,Organic Search,Central,384.66,4.0,0
TXN-00308,2025-08-05,CUST-2340,New,Books,448.82,4,0.05,Direct,East,1724.88,4.0,0
TXN-00430,2025-08-07,CUST-1721,New,Sports,124.39,4,0.2,Email,East,377.61,4.0,0
TXN-00125,2025-08-08,CUST-2946,New,Electronics,254.72,1,0.0,Referral,East,255.6,4.0,0
TXN-00443,2025-08-09,CUST-2784,New,Home & Garden,333.64,3,0.1,Referral,Central,878.76,5.0,0
TXN-00259,2025-08-09,CUST-4652,Returning,Beauty,453.31,4,0.2,Social Media,North,1443.88,4.0,0
TXN-00160,2025-08-11,CUST-2902,Returning,Beauty,305.17,2,0.05,Email,West,593.45,4.0,0
TXN-00217,2025-08-13,CUST-4657,New,Electronics,267.28,3,0.1,Referral,North,730.01,4.0,0
TXN-00384,2025-08-13,CUST-3928,VIP,Beauty,64.56,2,0.1,Organic Search,West,99.98,4.0,0
TXN-00427,2025-08-15,CUST-3897,Returning,Home & Garden,309.54,3,0.0,Email,East,902.39,4.0,0
TXN-00285,2025-08-15,CUST-4442,Returning,Clothing,317.12,4,0.0,Social Media,East,1266.68,4.0,0
TXN-00029,2025-08-18,CUST-3129,Returning,Clothing,318.11,4,0.0,Email,West,1246.46,4.0,0
TXN-00277,2025-08-18,CUST-2592,Returning,Electronics,304.68,1,0.0,Organic Search,South,311.91,4.0,0
TXN-00219,2025-08-20,CUST-1330,Returning,Clothing,440.18,2,0.05,Direct,East,839.84,4.0,0
TXN-00162,2025-08-21,CUST-3283,Returning,Beauty,51.83,2,0.1,Email,West,127.53,4.0,0
TXN-00073,2025-08-21,CUST-1712,New,Clothing,371.91,2,0.15,Referral,South,618.17,3.0,0
TXN-00306,2025-08-21,CUST-2065,VIP,Home & Garden,481.63,3,0.0,Social Media,Central,1439.23,4.0,0
TXN-00116,2025-08-23,CUST-3755,VIP,Clothing,256.27,4,0.0,Referral,North,1043.6,4.0,0
TXN-00364,2025-08-23,CUST-4063,Returning,Sports,358.66,2,0.15,Paid Search,Central,620.47,3.0,0
TXN-00368,2025-08-23,CUST-4355,VIP,Electronics,428.42,3,0.05,Email,East,1249.69,4.0,1
TXN-00050,2025-08-24,CUST-4473,New,Books,435.49,2,0.15,Social Media,West,745.71,3.0,0
TXN-00479,2025-08-24,CUST-3872,VIP,Electronics,474.46,5,0.0,Organic Search,Central,2360.05,4.0,0
TXN-00282,2025-08-25,CUST-2656,New,Electronics,498.22,4,0.0,Email,West,2021.48,4.0,0
TXN-00092,2025-08-25,CUST-2811,Returning,Electronics,393.18,3,0.15,Paid Search,West,1004.16,4.0,0
TXN-00146,2025-08-28,CUST-4656,New,Home & Garden,249.62,2,0.0,Organic Search,South,479.78,3.0,0
TXN-00263,2025-08-28,CUST-3204,New,Beauty,209.77,3,0.0,Social Media,East,619.85,4.0,1
TXN-00476,2025-08-29,CUST-2145,VIP,Beauty,312.28,4,0.1,Direct,Central,1119.59,5.0,0
TXN-00251,2025-08-31,CUST-2953,New,Electronics,75.35,4,0.0,Direct,North,301.41,3.0,1
TXN-00253,2025-08-31,CUST-4861,VIP,Books,402.02,5,0.25,Paid Search,East,1527.88,4.0,0
TXN-00200,2025-09-01,CUST-3611,Returning,Home & Garden,41.62,1,0.1,Direct,West,15.12,4.0,0
TXN-00325,2025-09-02,CUST-1079,VIP,Electronics,130.76,5,0.0,Direct,South,660.92,4.0,0
TXN-00297,2025-09-04,CUST-1111,Returning,Sports,174.59,1,0.1,Referral,East,151.24,5.0,0
TXN-00194,2025-09-06,CUST-2944,Returning,Sports,369.55,2,0.15,Organic Search,West,607.46,4.0,0
TXN-00245,2025-09-06,CUST-1080,New,Clothing,300.72,5,0.0,Social Media,North,1461.76,2.0,0
TXN-00296,2025-09-06,CUST-3715,Returning,Electronics,32.18,2,0.0,Email,Central,51.09,3.0,0
TXN-00312,2025-09-07,CUST-2382,New,Beauty,265.3,3,0.05,Referral,West,786.37,3.0,0
TXN-00183,2025-09-08,CUST-4653,VIP,Electronics,328.63,1,0.1,Paid Search,West,281.96,5.0,0
TXN-00413,2025-09-08,CUST-2397,VIP,Beauty,113.8,5,0.25,Direct,North,449.12,5.0,0
TXN-00132,2025-09-10,CUST-4629,New,Clothing,479.93,2,0.1,Paid Search,West,872.28,3.0,1
TXN-00113,2025-09-13,CUST-4899,VIP,Electronics,256.57,2,0.05,Direct,East,511.28,4.0,0
TXN-00165,2025-09-14,CUST-4474,New,Electronics,484.33,3,0.0,Direct,North,1456.07,4.0,0
TXN-00326,2025-09-15,CUST-4068,Returning,Electronics,466.09,3,0.1,Paid Search,West,1262.8,4.0,0
TXN-00019,2025-09-16,CUST-1473,Returning,Clothing,432.41,1,0.1,Direct,South,410.81,2.0,0
TXN-00412,2025-09-16,CUST-3652,VIP,Electronics,92.23,2,0.05,Email,North,178.06,5.0,0
TXN-00375,2025-09-17,CUST-4804,New,Electronics,46.83,3,0.0,Email,East,115.78,3.0,0
TXN-00167,2025-09-17,CUST-2869,New,Clothing,65.0,4,0.1,Direct,Central,199.64,4.0,0
TXN-00172,2025-09-17,CUST-3175,New,Clothing,349.92,5,0.15,Paid Search,North,1499.98,4.0,0
TXN-00131,2025-09-18,CUST-2697,Returning,Books,186.63,5,0.2,Organic Search,Central,738.81,4.0,0
TXN-00494,2025-09-18,CUST-1984,New,Sports,330.39,5,0.25,Direct,Central,1244.61,4.0,0
TXN-00330,2025-09-18,CUST-2433,New,Beauty,442.59,1,0.05,Email,East,426.67,3.0,0
TXN-00241,2025-09-21,CUST-4153,VIP,Books,241.65,3,0.0,Referral,West,710.21,4.0,0
TXN-00218,2025-09-22,CUST-3212,Returning,Beauty,222.01,3,0.0,Social Media,West,682.97,4.0,0
TXN-00351,2025-09-25,CUST-1468,Returning,Books,152.42,4,0.05,Organic Search,Central,597.73,4.0,0
TXN-00390,2025-09-28,CUST-3569,Returning,Books,389.82,2,0.0,Paid Search,South,767.69,4.0,0
TXN-00147,2025-09-28,CUST-4075,Returning,Home & Garden,145.91,2,0.0,Direct,North,299.0,4.0,0
TXN-00204,2025-09-28,CUST-3135,VIP,Home & Garden,330.33,4,0.1,Social Media,West,1199.84,5.0,0
TXN-00327,2025-09-29,CUST-3209,Returning,Home & Garden,66.33,4,0.05,Direct,West,262.88,4.0,1
TXN-00179,2025-09-29,CUST-2812,VIP,Beauty,366.19,1,0.05,Organic Search,Central,358.65,5.0,0
TXN-00196,2025-09-30,CUST-2061,New,Clothing,70.91,1,0.05,Paid Search,West,70.66,4.0,0
TXN-00089,2025-10-01,CUST-2319,VIP,Beauty,432.62,1,0.25,Referral,East,314.32,5.0,0
TXN-00154,2025-10-02,CUST-1896,Returning,Books,317.32,2,0.1,Social Media,Central,591.12,3.0,0
TXN-00497,2025-10-02,CUST-3645,Returning,Home & Garden,174.57,2,0.15,Direct,East,273.46,4.0,0
TXN-00276,2025-10-02,CUST-1118,Returning,Beauty,266.36,5,0.0,Organic Search,North,1334.44,4.0,0
TXN-00051,2025-10-02,CUST-1510,VIP,Beauty,212.87,5,0.0,Email,West,1069.22,4.0,0
TXN-00122,2025-10-03,CUST-1100,VIP,Clothing,370.11,5,0.0,Direct,North,1865.04,3.0,0
TXN-00373,2025-10-03,CUST-3370,New,Beauty,303.28,5,0.05,Social Media,West,1429.82,3.0,0
TXN-00290,2025-10-04,CUST-3187,Returning,Beauty,236.85,5,0.05,Organic Search,Central,1143.85,3.0,0
TXN-00247,2025-10-04,CUST-4607,Returning,Home & Garden,456.51,1,0.25,Email,West,369.22,5.0,0
TXN-00208,2025-10-04,CUST-2124,Returning,Clothing,444.22,4,0.0,Referral,East,1796.99,4.0,0
TXN-00178,2025-10-04,CUST-4651,New,Electronics,383.13,1,0.1,Direct,South,304.11,,0
TXN-00319,2025-10-05,CUST-4407,New,Books,267.81,3,0.2,Referral,East,664.23,4.0,0
TXN-00385,2025-10-06,CUST-1812,Returning,Beauty,429.29,4,0.0,Social Media,Central,1724.53,5.0,0
TXN-00437,2025-10-07,CUST-4310,New,Beauty,87.55,2,0.0,Organic Search,West,185.56,4.0,0
TXN-00026,2025-10-07,CUST-3903,Returning,Electronics,402.89,4,0.0,Email,South,1625.09,3.0,0
TXN-00010,2025-10-07,CUST-3443,Returning,Books,166.06,3,0.1,Email,East,450.47,4.0,0
TXN-00286,2025-10-09,CUST-2914,New,Home & Garden,377.72,5,0.0,Social Media,North,1909.07,3.0,1
TXN-00201,2025-10-09,CUST-2135,Returning,Home & Garden,235.74,1,0.15,Organic Search,North,202.37,3.0,0
TXN-00441,2025-10-10,CUST-2980,New,Clothing,487.73,2,0.05,Social Media,West,907.08,4.0,0
TXN-00428,2025-10-10,CUST-1626,VIP,Home & Garden,135.06,4,0.15,Referral,West,476.56,3.0,0
TXN-00055,2025-10-10,CUST-3077,Returning,Books,260.17,4,0.15,Organic Search,West,862.24,4.0,0
TXN-00401,2025-10-11,CUST-4261,New,Books,229.51,4,0.05,Social Media,North,904.82,4.0,0
TXN-00149,2025-10-11,CUST-4154,New,Clothing,93.58,2,0.15,Social Media,East,145.11,4.0,0
TXN-00393,2025-10-11,CUST-3855,New,Beauty,436.01,1,0.15,Direct,Central,346.58,4.0,0
TXN-00227,2025-10-11,CUST-1876,VIP,Sports,48.96,5,0.1,Organic Search,North,199.58,5.0,0
TXN-00310,2025-10-12,CUST-2862,New,Home & Garden,44.84,1,0.15,Paid Search,West,80.32,4.0,0
TXN-00097,2025-10-13,CUST-4251,Returning,Home & Garden,103.32,4,0.0,Referral,East,391.11,3.0,0
TXN-00456,2025-10-14,CUST-2846,Returning,Sports,391.27,2,0.0,Organic Search,Central,798.52,4.0,0
TXN-00431,2025-10-15,CUST-4005,New,Clothing,93.0,2,0.1,Referral,East,143.28,4.0,0
TXN-00022,2025-10-15,CUST-3361,New,Clothing,160.3,5,0.1,Social Media,South,719.87,4.0,0
TXN-00121,2025-10-15,CUST-1603,Returning,Sports,144.25,5,0.0,Direct,North,754.54,4.0,0
TXN-00370,2025-10-16,CUST-4951,New,Beauty,342.89,2,0.05,Email,Central,650.16,3.0,0
TXN-00350,2025-10-17,CUST-3742,Returning,Electronics,77.3,5,0.15,Organic Search,North,340.46,4.0,0
TXN-00109,2025-10-18,CUST-3536,New,Clothing,346.34,3,0.0,Paid Search,North,1042.97,4.0,0
TXN-00191,2025-10-18,CUST-1651,New,Beauty,244.51,4,0.1,Email,Central,866.25,4.0,0
TXN-00340,2025-10-19,CUST-4889,New,Electronics,381.97,2,0.0,Direct,South,750.19,4.0,0
TXN-00249,2025-10-20,CUST-3358,VIP,Beauty,68.09,3,0.1,Direct,East,205.56,4.0,0
TXN-00250,2025-10-23,CUST-2558,VIP,Books,204.94,3,0.2,Organic Search,West,512.96,5.0,0
TXN-00060,2025-10-23,CUST-2648,New,Electronics,285.01,5,0.1,Organic Search,South,1297.99,3.0,0
TXN-00318,2025-10-24,CUST-4896,New,Clothing,370.95,1,0.05,Paid Search,West,353.55,3.0,0
TXN-00342,2025-10-24,CUST-1816,Returning,Sports,108.67,1,0.15,Referral,North,89.23,4.0,0
TXN-00349,2025-10-26,CUST-2939,New,Home & Garden,412.06,2,0.25,Direct,West,640.26,4.0,0
TXN-00126,2025-10-26,CUST-3503,Returning,Sports,293.05,1,0.05,Organic Search,East,273.28,4.0,0
TXN-00440,2025-10-26,CUST-4172,New,Beauty,206.84,2,0.1,Organic Search,South,382.31,3.0,0
TXN-00324,2025-10-27,CUST-2926,New,Electronics,176.99,1,0.05,Paid Search,South,165.78,4.0,0
TXN-00124,2025-10-27,CUST-2002,New,Clothing,322.05,5,0.1,Organic Search,West,1483.13,4.0,0
TXN-00030,2025-10-29,CUST-4791,New,Electronics,198.2,2,0.0,Paid Search,South,371.96,3.0,0
TXN-00229,2025-10-29,CUST-2699,VIP,Home & Garden,40.55,2,0.0,Email,Central,83.34,4.0,0
TXN-00226,2025-10-29,CUST-3893,New,Electronics,467.31,4,0.1,Organic Search,East,1693.01,4.0,0
TXN-00012,2025-10-30,CUST-2415,VIP,Home & Garden,149.63,2,0.1,Referral,Central,285.19,5.0,0
TXN-00334,2025-11-01,CUST-4199,New,Sports,17.5,1,0.1,Email,East,10.0,4.0,0
TXN-00343,2025-11-01,CUST-4437,New,Home & Garden,55.79,1,0.05,Email,East,25.55,3.0,0
TXN-00141,2025-11-02,CUST-1999,VIP,Beauty,311.05,2,0.1,Organic Search,Central,560.21,4.0,0
TXN-00145,2025-11-02,CUST-1022,New,Home & Garden,80.48,4,0.1,Organic Search,West,305.88,5.0,1
TXN-00181,2025-11-03,CUST-4338,New,Home & Garden,490.58,1,0.15,Paid Search,South,407.41,4.0,0
TXN-00020,2025-11-05,CUST-2577,New,Clothing,274.51,5,0.15,Social Media,North,1186.58,3.0,0
TXN-00047,2025-11-06,CUST-3552,New,Sports,403.36,4,0.0,Direct,South,1649.82,4.0,0
TXN-00405,2025-11-06,CUST-2422,New,Sports,376.73,5,0.0,Referral,South,1856.57,4.0,0
TXN-00205,2025-11-07,CUST-2984,Returning,Sports,191.88,2,0.0,Social Media,East,404.74,3.0,0
TXN-00086,2025-11-08,CUST-3375,New,Sports,182.42,2,0.05,Email,East,336.7,3.0,0
TXN-00173,2025-11-08,CUST-3289,Returning,Books,267.83,1,0.1,Direct,North,283.87,4.0,0
TXN-00388,2025-11-10,CUST-3828,New,Clothing,159.71,5,0.05,Referral,North,748.55,3.0,0
TXN-00058,2025-11-13,CUST-2672,New,Clothing,291.18,2,0.0,Email,Central,598.56,3.0,0
TXN-00345,2025-11-14,CUST-3544,New,Electronics,286.52,4,0.0,Direct,East,1150.53,4.0,1
TXN-00458,2025-11-14,CUST-4073,Returning,Books,50.12,1,0.0,Social Media,South,43.3,4.0,1
TXN-00369,2025-11-15,CUST-1670,New,Clothing,495.22,5,0.0,Direct,West,2466.9,4.0,0
TXN-00169,2025-11-17,CUST-4282,New,Clothing,406.6,1,0.05,Direct,East,402.48,4.0,0
TXN-00137,2025-11-18,CUST-3852,Returning,Home & Garden,420.98,2,0.05,Paid Search,West,767.75,4.0,0
TXN-00057,2025-11-18,CUST-3731,New,Clothing,179.55,4,0.2,Organic Search,West,582.09,4.0,0
TXN-00234,2025-11-20,CUST-2703,Returning,Beauty,146.77,5,0.1,Paid Search,North,654.71,4.0,0
TXN-00410,2025-11-21,CUST-1282,New,Home & Garden,243.69,4,0.0,Referral,East,985.97,4.0,0
TXN-00417,2025-11-21,CUST-4368,New,Books,272.22,5,0.1,Referral,North,1223.67,4.0,0
TXN-00074,2025-11-22,CUST-3521,Returning,Sports,426.34,3,0.05,Direct,South,1233.71,4.0,1
TXN-00087,2025-11-22,CUST-3484,Returning,Books,390.31,4,0.05,Direct,East,1477.29,5.0,0
TXN-00424,2025-11-23,CUST-4651,Returning,Books,239.12,1,0.05,Paid Search,East,201.63,4.0,0
TXN-00171,2025-11-24,CUST-3734,Returning,Beauty,398.16,5,0.1,Email,Central,1813.86,3.0,1
TXN-00095,2025-11-24,CUST-3093,Returning,Beauty,492.9,1,0.05,Organic Search,East,455.4,4.0,0
TXN-00001,2025-11-24,CUST-4592,New,Beauty,248.21,5,0.15,Email,North,1084.09,3.0,0
TXN-00493,2025-11-25,CUST-4105,New,Home & Garden,302.74,3,0.1,Organic Search,South,844.44,4.0,0
TXN-00156,2025-11-25,CUST-4293,New,Clothing,182.03,2,0.2,Direct,North,300.3,3.0,0
TXN-00115,2025-11-26,CUST-1962,Returning,Beauty,211.55,5,,Social Media,Central,973.36,5.0,0
TXN-00362,2025-11-27,CUST-3487,Returning,Clothing,95.69,1,0.2,Direct,South,88.91,4.0,0
TXN-00267,2025-11-27,CUST-4276,Returning,Books,73.36,2,0.05,Referral,West,85.69,4.0,0
TXN-00084,2025-11-28,CUST-2760,New,Electronics,31.6,2,0.0,Email,North,73.62,3.0,0
TXN-00215,2025-11-29,CUST-2375,Returning,Clothing,335.9,4,0.0,Social Media,South,1315.59,,0
TXN-00024,2025-11-29,CUST-2043,New,Books,207.7,5,,Referral,West,1005.06,4.0,0
TXN-00289,2025-11-30,CUST-3548,New,Books,432.16,5,0.25,Social Media,South,1615.09,4.0,1
TXN-00266,2025-12-01,CUST-3236,Returning,Home & Garden,417.86,2,0.05,Organic Search,Central,797.47,,0
TXN-00389,2025-12-01,CUST-4402,Returning,Sports,422.37,1,0.1,Organic Search,East,404.43,4.0,0
TXN-00112,2025-12-02,CUST-4352,New,Beauty,410.3,2,0.15,Direct,Central,722.47,4.0,0
TXN-00348,2025-12-03,CUST-1517,New,Books,19.4,2,0.05,Direct,Central,28.44,3.0,0
TXN-00258,2025-12-04,CUST-4495,Returning,Sports,306.39,5,0.1,Social Media,South,1360.42,4.0,0
TXN-00485,2025-12-04,CUST-4883,Returning,Books,283.21,2,0.05,Social Media,West,565.48,5.0,0
TXN-00199,2025-12-04,CUST-4440,VIP,Beauty,376.36,3,0.05,Paid Search,West,1052.47,4.0,0
TXN-00311,2025-12-05,CUST-2338,Returning,Electronics,443.21,2,0.1,Social Media,North,803.15,5.0,0
TXN-00065,2025-12-05,CUST-1785,New,Electronics,406.32,1,0.2,Referral,East,305.01,5.0,0
TXN-00395,2025-12-06,CUST-2235,New,Sports,30.18,4,0.05,Direct,Central,141.38,3.0,0
TXN-00392,2025-12-08,CUST-1417,Returning,Sports,78.7,4,0.05,Direct,South,311.87,4.0,0
TXN-00453,2025-12-08,CUST-1354,Returning,Sports,248.94,3,0.1,Direct,North,690.77,4.0,1
TXN-00468,2025-12-09,CUST-2331,VIP,Electronics,413.4,3,0.15,Direct,Central,1044.48,4.0,0
TXN-00244,2025-12-09,CUST-3848,New,Clothing,362.04,3,0.05,Referral,South,1040.71,3.0,0
TXN-00355,2025-12-09,CUST-2904,New,Home & Garden,205.19,3,0.15,Referral,West,494.79,4.0,0
TXN-00214,2025-12-10,CUST-2112,New,Sports,276.12,3,0.1,Email,North,702.72,3.0,0
TXN-00361,2025-12-10,CUST-3481,New,Beauty,474.44,5,0.0,Paid Search,West,2341.68,3.0,0
TXN-00080,2025-12-10,CUST-1001,New,Home & Garden,318.01,5,0.0,Social Media,North,1586.98,3.0,0
TXN-00265,2025-12-11,CUST-4009,VIP,Home & Garden,126.83,4,0.05,Social Media,Central,479.31,4.0,0
TXN-00336,2025-12-12,CUST-3669,New,Clothing,125.88,3,0.15,Email,Central,339.66,4.0,0
TXN-00009,2025-12-13,CUST-1444,Returning,Books,31.43,3,0.0,Direct,East,105.66,4.0,0
TXN-00496,2025-12-14,CUST-2950,New,Clothing,313.63,2,0.1,Direct,East,543.27,4.0,0
TXN-00151,2025-12-15,CUST-1436,VIP,Clothing,425.51,1,0.05,Direct,West,438.33,5.0,0
TXN-00139,2025-12-15,CUST-3024,New,Electronics,459.02,1,0.0,Referral,West,492.57,3.0,1
TXN-00083,2025-12-16,CUST-1860,New,Sports,191.08,3,0.15,Email,East,463.54,4.0,0
TXN-00153,2025-12-16,CUST-2741,New,Home & Garden,90.02,5,0.0,Referral,Central,482.4,4.0,0
TXN-00451,2025-12-16,CUST-4402,Returning,Sports,291.89,3,0.0,Organic Search,East,859.52,3.0,0
TXN-00099,2025-12-17,CUST-4931,New,Beauty,263.54,3,0.0,Organic Search,West,774.05,4.0,0
TXN-00409,2025-12-18,CUST-2517,VIP,Books,287.93,5,0.05,Direct,South,1363.54,4.0,0
TXN-00096,2025-12-19,CUST-2938,Returning,Clothing,243.47,4,0.15,Referral,Central,861.83,4.0,0
TXN-00435,2025-12-20,CUST-2106,New,Sports,225.12,5,0.15,Social Media,Central,975.81,4.0,0
TXN-00209,2025-12-20,CUST-2801,New,Beauty,272.18,5,0.0,Paid Search,North,1337.99,2.0,0
TXN-00309,2025-12-23,CUST-1866,Returning,Home & Garden,495.87,2,0.15,Email,West,838.8,4.0,0
TXN-00034,2025-12-24,CUST-3946,VIP,Electronics,361.32,4,0.1,Referral,Central,1302.51,5.0,0
TXN-00025,2025-12-26,CUST-1181,Returning,Books,221.99,4,0.05,Organic Search,South,835.11,4.0,0
TXN-00472,2025-12-26,CUST-2453,VIP,Beauty,75.25,5,0.0,Referral,North,372.7,4.0,0
TXN-00082,2025-12-26,CUST-2175,Returning,Clothing,415.18,2,0.1,Email,West,770.26,3.0,0
TXN-00386,2025-12-27,CUST-1311,Returning,Home & Garden,270.61,5,0.15,Email,East,1156.41,4.0,0
TXN-00062,2025-12-27,CUST-2211,New,Beauty,405.58,1,0.15,Organic Search,South,383.44,4.0,0
TXN-00429,2025-12-28,CUST-2783,New,Sports,285.83,2,0.25,Paid Search,South,436.83,4.0,0
TXN-00233,2025-12-29,CUST-2908,Returning,Sports,296.67,2,0.0,Direct,Central,577.75,4.0,0
TXN-00211,2026-01-01,CUST-3922,Returning,Home & Garden,211.18,1,0.05,Referral,Central,214.77,4.0,0
